{"mean":{"confidence_interval":{"confidence_level":0.95,"lower_bound":14130954.804437501,"upper_bound":14547575.0975},"point_estimate":14328321.8125,"standard_error":106391.26483914096},"median":{"confidence_interval":{"confidence_level":0.95,"lower_bound":13863061.5,"upper_bound":14126146.5},"point_estimate":13957641.5,"standard_error":71008.52454468959},"median_abs_dev":{"confidence_interval":{"confidence_level":0.95,"lower_bound":386830.1629073918,"upper_bound":705562.4704487622},"point_estimate":525358.1887230277,"standard_error":79619.45709795007},"slope":null,"std_dev":{"confidence_interval":{"confidence_level":0.95,"lower_bound":768893.278235348,"upper_bound":1327233.7898129837},"point_estimate":1069096.753401012,"standard_error":143075.7928259066}}